epoch,Train_loss,Test_loss,Train_accuracy,Test_accuracy
1,1.3313525133673771,1.422507973518496,0.5621734432383418,0.45556162698817293
